{
  "type": "minecraft:block",
  "pools": [
    {
      "rolls": 1,
      "entries": [
        {
          "type": "minecraft:item",
          "name": "forbidden_arcanus:golden_orchid_seeds",
          "functions": [
            {
              "function": "minecraft:apply_bonus",
              "enchantment": "minecraft:fortune",
              "formula": "minecraft:uniform_bonus_count",
              "parameters": {
                "bonusMultiplier": 0.5
              }
            }
          ],
          "conditions": [
            {
              "condition": "minecraft:block_state_property",
              "block": "forbidden_arcanus:golden_orchid",
              "properties": {
                "age": "6"
              }
            }
          ]
        }
      ]
    },
    {
      "rolls": 1,
      "entries": [
        {
          "type": "minecraft:alternatives",
          "children": [
            {
              "type": "minecraft:item",
              "name": "forbidden_arcanus:deorum_nugget",
              "functions": [
                {
                  "function": "minecraft:apply_bonus",
                  "enchantment": "minecraft:fortune",
                  "formula": "minecraft:binomial_with_bonus_count",
                  "parameters": {
                    "extra": 3,
                    "probability": 0.5714286
                  }
                }
              ],
              "conditions": [
                {
                  "condition": "minecraft:block_state_property",
                  "block": "forbidden_arcanus:golden_orchid",
                  "properties": {
                    "age": "6"
                  }
                }
              ]
            },
            {
              "type": "minecraft:item",
              "name": "forbidden_arcanus:golden_orchid_seeds"
            }
          ]
        }
      ]
    }
  ],
  "functions": [
    {
      "function": "minecraft:explosion_decay"
    }
  ]
}
